Timestamp,Player Name,"Liverpool v AFC Bournemouth
ðŸ•’ Fri 15 Aug, 20:00","Aston Villa v Newcastle United
ðŸ•’ Sat 16 Aug, 12:30","Brighton & Hove Albion v Fulham
ðŸ•’ Sat 16 Aug, 15:00","Sunderland v West Ham United
ðŸ•’ Sat 16 Aug, 15:00","Tottenham Hotspur v Burnley
ðŸ•’ Sat 16 Aug, 15:00","Wolverhampton Wanderers v Manchester City
ðŸ•’ Sat 16 Aug, 17:30","Chelsea v Crystal Palace
ðŸ•’ Sun 17 Aug, 14:00","Nottingham Forest v Brentford
ðŸ•’ Sun 17 Aug, 14:00","Manchester United v Arsenal
ðŸ•’ Sun 17 Aug, 16:30","Leeds United v Everton
ðŸ•’ Mon 18 Aug, 20:00"
8/14/2025 14:18:00,David70,Liverpool Win,Newcastle United Win,Brighton & Hove Albion Win,West Ham United Win,Tottenham Hotspur Win,Manchester City Win,Chelsea Win,Nottingham Forest Win,Arsenal Win,Everton Win
8/14/2025 14:36:59,william middleton,Liverpool Win,Aston Villa Win,Brighton & Hove Albion Win,Sunderland Win,Tottenham Hotspur Win,Manchester City Win,Chelsea Win,Draw,Arsenal Win,Everton Win
8/14/2025 14:39:14,Thomas Bird,Liverpool Win,Aston Villa Win,Brighton & Hove Albion Win,West Ham United Win,Tottenham Hotspur Win,Manchester City Win,Crystal Palace Win,Brentford Win,Arsenal Win,Draw
8/14/2025 14:40:58,Jof,Liverpool Win,Aston Villa Win,Draw,Sunderland Win,Tottenham Hotspur Win,Wolverhampton Wanderers Win,Chelsea Win,Nottingham Forest Win,Draw,Leeds United Win
8/14/2025 14:55:15,Carlios,Liverpool Win,Aston Villa Win,Brighton & Hove Albion Win,West Ham United Win,Tottenham Hotspur Win,Manchester City Win,Chelsea Win,Nottingham Forest Win,Draw,Everton Win
8/14/2025 15:04:00,Paul ,Draw,Aston Villa Win,Fulham Win,Sunderland Win,Tottenham Hotspur Win,Manchester City Win,Chelsea Win,Nottingham Forest Win,Arsenal Win,Draw
8/15/2025 1:02:22,SP,Liverpool Win,Aston Villa Win,Brighton & Hove Albion Win,Draw,Draw,Manchester City Win,Chelsea Win,Nottingham Forest Win,Arsenal Win,Everton Win
8/15/2025 7:16:58,Sim,Liverpool Win,Aston Villa Win,Brighton & Hove Albion Win,West Ham United Win,Tottenham Hotspur Win,Manchester City Win,Chelsea Win,Nottingham Forest Win,Arsenal Win,Everton Win
8/15/2025 7:38:58,Ben,Draw,Newcastle United Win,Brighton & Hove Albion Win,West Ham United Win,Draw,Manchester City Win,Draw,Nottingham Forest Win,Arsenal Win,Everton Win
8/15/2025 12:06:00,Matthew Bird,Liverpool Win,Aston Villa Win,Draw,West Ham United Win,Tottenham Hotspur Win,Manchester City Win,Crystal Palace Win,Nottingham Forest Win,Arsenal Win,Draw
8/15/2025 17:36:15,Phil Bolton,Liverpool Win,Aston Villa Win,Brighton & Hove Albion Win,Sunderland Win,Tottenham Hotspur Win,Manchester City Win,Chelsea Win,Nottingham Forest Win,Arsenal Win,Leeds United Win
8/16/2025 2:33:46,Gregory,Liverpool Win,Aston Villa Win,Draw,West Ham United Win,Tottenham Hotspur Win,Manchester City Win,Draw,Nottingham Forest Win,Draw,Everton Win